name	pool	seq	length	%gc	tm (use 60)
nCoV-2019_1_LEFT	nCoV-2019_1	ACCAACTTTCGATCTCTTGTAG	22	0.409090909	55.9
nCoV-2019_2_LEFT	nCoV-2019_2	TTCATGCACTTTGTCCGAAC	20	0.45	56.9
nCoV-2019_1_RIGHT	nCoV-2019_1	CGTGTACCAAGCAATTTCATG	21	0.428571429	56.1
nCoV-2019_3_LEFT	nCoV-2019_1	TTTGTGGAAACTGTGAAAGG	20	0.4	54.2
nCoV-2019_2_RIGHT	nCoV-2019_2	CAAATGCATAAAGAGGACTCAG	22	0.409090909	55.2
nCoV-2019_4_LEFT	nCoV-2019_2	TACAACCATTAGAACAACCTACT	23	0.347826087	55
nCoV-2019_3_RIGHT	nCoV-2019_1	TTGAGTGTGAAGGTATTGTTTG	22	0.363636364	54.9
nCoV-2019_5_LEFT	nCoV-2019_1	TGTTAATGCAGCCAATGTTTAC	22	0.363636364	55.9
nCoV-2019_4_RIGHT	nCoV-2019_2	AAGTGGTCCATTAGTAGCTATG	22	0.409090909	55.1
nCoV-2019_6_LEFT	nCoV-2019_2	AAATGGTTACACTGTAGAGGAG	22	0.409090909	55.2
nCoV-2019_5_RIGHT	nCoV-2019_1	ATTAATTTGCGTGTTTCTTCTGC	23	0.347826087	56.9
nCoV-2019_7_LEFT	nCoV-2019_1	TTACCTAATGATGACACTCTACG	23	0.391304348	55.4
nCoV-2019_6_RIGHT	nCoV-2019_2	CCATTAACTTGTGGGTATTTCC	22	0.409090909	55
nCoV-2019_8_LEFT	nCoV-2019_2	AATTGGATGGTGTTGTTTGTAC	22	0.363636364	55.4
nCoV-2019_7_RIGHT	nCoV-2019_1	CTCTTGAAGCAGGTTTCTTATAAC	24	0.375	55.8
nCoV-2019_9_LEFT	nCoV-2019_1	ACCGTGTTTGTACTAATTATATGCC	25	0.36	57.5
nCoV-2019_8_RIGHT	nCoV-2019_2	ACCGACACTCTTAACAGTATTC	22	0.409090909	55.6
nCoV-2019_10_LEFT	nCoV-2019_2	GAGCAACAAGAGTCGAATGTAC	22	0.454545455	57.4
nCoV-2019_9_RIGHT	nCoV-2019_1	AGTCTCTCGCAACTTCATCAC	21	0.476190476	58
nCoV-2019_11_LEFT	nCoV-2019_1	TGGAACGTTAAAGATTTCATGTC	23	0.347826087	55.5
nCoV-2019_10_RIGHT	nCoV-2019_2	CTTGTCTAGTAGTTGCACATGTC	23	0.434782609	57.2
nCoV-2019_12_LEFT	nCoV-2019_2	GATTCTGAGTACTGTAGGCACG	22	0.5	58.3
nCoV-2019_11_RIGHT	nCoV-2019_1	ATTTACAGCATCTACACCACAG	22	0.409090909	56.2
nCoV-2019_13_LEFT	nCoV-2019_1	CCACAAACCTCTATCACCTCAG	22	0.5	58.1
nCoV-2019_12_RIGHT	nCoV-2019_2	CATCAAGCCAAAGACCGTTAAG	22	0.454545455	57.9
nCoV-2019_14_LEFT	nCoV-2019_2	TTTCTGCTCAAACTGGAATTGC	22	0.409090909	58
nCoV-2019_13_RIGHT	nCoV-2019_1	GGAAAGTAACACCTGAGCATTG	22	0.454545455	57.6
nCoV-2019_15_LEFT	nCoV-2019_1	TCAACCGCTACTTTAGACTGAC	22	0.454545455	57.8
nCoV-2019_14_RIGHT	nCoV-2019_2	TGTTGAGTTTGAAGGCATCTATG	23	0.391304348	57.1
nCoV-2019_16_LEFT	nCoV-2019_2	AATACCTCTTACAACAGCAGCC	22	0.454545455	58.4
nCoV-2019_15_RIGHT	nCoV-2019_1	TAATTTGACAGCAGAATTGGCC	22	0.409090909	57.5
nCoV-2019_17_LEFT	nCoV-2019_1	AACTTGTGCTAATGACCCTGTG	22	0.454545455	58.9
nCoV-2019_16_RIGHT	nCoV-2019_2	TAAGACGGGCTGCACTTACAC	21	0.523809524	60.3
nCoV-2019_18_LEFT	nCoV-2019_2	TTGACACTGACTTAACAAAGCC	22	0.409090909	57.1
nCoV-2019_17_RIGHT	nCoV-2019_1	ATTTGGGTGGTATGTCTGATCC	22	0.454545455	57.8
nCoV-2019_19_LEFT	nCoV-2019_1	ACGTAATGTCATCCCTACTATAACTC	26	0.384615385	57.9
nCoV-2019_18_RIGHT	nCoV-2019_2	TTTGCTTGTTCCAATTACTACAG	23	0.347826087	55.4
nCoV-2019_20_LEFT	nCoV-2019_2	GTGTACCTTCCTTACCCAGATC	22	0.5	57.6
nCoV-2019_19_RIGHT	nCoV-2019_1	TGAAAGACATCAGCATACTCCTG	23	0.434782609	58.2
nCoV-2019_21_LEFT	nCoV-2019_1	CTATGGTGATGCTGTTGTTTACC	23	0.434782609	57.8
nCoV-2019_20_RIGHT	nCoV-2019_2	TCTAACATAGTGCTCTTGTGGC	22	0.454545455	58.1
nCoV-2019_22_LEFT	nCoV-2019_2	AATTCCTTACACGTAACCCTGC	22	0.454545455	58.7
nCoV-2019_21_RIGHT	nCoV-2019_1	ATTCTGAGCCCTGTGATGAATC	22	0.454545455	58.2
nCoV-2019_23_LEFT	nCoV-2019_1	CCTTGGAATGTAGTGCGTATAAAG	24	0.416666667	57.7
nCoV-2019_22_RIGHT	nCoV-2019_2	TATCACATAGACAACAGGTGCG	22	0.454545455	58.2
nCoV-2019_24_LEFT	nCoV-2019_2	CTTAACTTGCCTGGTTGTGATG	22	0.454545455	57.8
nCoV-2019_23_RIGHT	nCoV-2019_1	ACAGACAGCACCACCTAAATTG	22	0.454545455	58.9
nCoV-2019_25_LEFT	nCoV-2019_1	CTGTAGGTCCCAAACAAGCTAG	22	0.5	58.4
nCoV-2019_24_RIGHT	nCoV-2019_2	CAATTTCCATTTGACTCCTGGG	22	0.454545455	57.5
nCoV-2019_26_LEFT	nCoV-2019_2	TTAGCTGTACCCTATAATATGAGAG	25	0.36	55
nCoV-2019_25_RIGHT	nCoV-2019_1	TACAGTTGCACAATCACCAATC	22	0.409090909	57.2
nCoV-2019_27_LEFT	nCoV-2019_1	TACAACCAGAACTCAATTACCC	22	0.409090909	55.7
nCoV-2019_26_RIGHT	nCoV-2019_2	AGCATGGAACCAAGTAACATTG	22	0.409090909	57.2
nCoV-2019_28_LEFT	nCoV-2019_2	ACCCTCTCTCAGAAACAAAGTG	22	0.454545455	57.9
nCoV-2019_27_RIGHT	nCoV-2019_1	AGATGCAAATCTGGTGGCG	19	0.526315789	58.5
nCoV-2019_29_LEFT	nCoV-2019_1	CCACAGACACTTGAGATTCTTG	22	0.454545455	57
nCoV-2019_28_RIGHT	nCoV-2019_2	CCTGTAGAATAAACACGCCAAG	22	0.454545455	57.4
nCoV-2019_30_LEFT	nCoV-2019_2	GATTGCCTTGGTGATATTGCTG	22	0.454545455	58
nCoV-2019_29_RIGHT	nCoV-2019_1	ATGGTATTTGTAATGCAGCACC	22	0.409090909	57.3
nCoV-2019_31_LEFT	nCoV-2019_1	ACCACAAATCATTACTACAGACAAC	25	0.36	57.6
nCoV-2019_30_RIGHT	nCoV-2019_2	TGCCAGAGATGTCACCTAAATC	22	0.454545455	57.9
nCoV-2019_32_LEFT	nCoV-2019_2	ACTTGCTGTTGTTGTTTGTAAC	22	0.363636364	56.2
nCoV-2019_31_RIGHT	nCoV-2019_1	GTCGTAACAATTAGTATGCCAGC	23	0.434782609	57.9
nCoV-2019_33_LEFT	nCoV-2019_1	TCTTCTAGAGTTCCTGATCTTCTG	24	0.416666667	57
nCoV-2019_32_RIGHT	nCoV-2019_2	TACTAGGTTCCATTGTTCAAGG	22	0.409090909	55.5
nCoV-2019_34_LEFT	nCoV-2019_2	GTTTCATCTCGTTGACTTTCAGG	23	0.434782609	58
nCoV-2019_33_RIGHT	nCoV-2019_1	AAGTAGCGAGTGTTATCAGTGC	22	0.454545455	58.5
nCoV-2019_35_LEFT	nCoV-2019_1	TGTGCSTGGATGAGGCTGGTTC	22	0.545454545	64.8
nCoV-2019_34_RIGHT	nCoV-2019_2	CAACACGAACGTCATGATACTC	22	0.454545455	57.5
nCoV-2019_36_LEFT	nCoV-2019_2	AAGAAATTCAACTCCAGGCAGC	22	0.454545455	59.4
nCoV-2019_35_RIGHT	nCoV-2019_1	CAGCAGCAGATTTCTTAGTGAC	22	0.454545455	57.4
nCoV-2019_36_RIGHT	nCoV-2019_2	TTTACACATTAGGGCTCTTCC	21	0.428571429	55.3
